Country/Area,Region,City / metro,City/metro type,Coastal class,City latitude,City longitude,Representative sea-point latitude,Representative sea-point longitude,Backup sea-point latitude,Backup sea-point longitude,EPW latitude,EPW longitude,EPW coordinate source,EPW generation method recommended,CAMS common FOV lon-band supported,CAMS v4.6 theoretical FOV lon-band supported,Coordinate replacement decision,Reason,EPW filename
United States,Americas,Northern Virginia / Ashburn cluster,Metro cluster,Inland,39.0438,-77.4874,,,,,39.0438,-77.4874,City latitude / City longitude,ERA5_only_global_radiation,no,no,Do not replace with distant satellite-FOV coordinate; use ERA5-only global generator at city coordinate.,"Failure is caused by CAMS satellite radiation field-of-view, not by missing city coordinate. Nearby land coordinate normally cannot fix this without moving the weather location too far.",000_United_States_Northern_Virginia_Ashburn_cluster_2025_AMY_ERA5.epw
United States,Americas,Dallas-Fort Worth,Metro cluster,Inland,32.7767,-96.797,,,,,32.7767,-96.797,City latitude / City longitude,ERA5_only_global_radiation,no,no,Do not replace with distant satellite-FOV coordinate; use ERA5-only global generator at city coordinate.,"Failure is caused by CAMS satellite radiation field-of-view, not by missing city coordinate. Nearby land coordinate normally cannot fix this without moving the weather location too far.",001_United_States_Dallas-Fort_Worth_2025_AMY_ERA5.epw
United States,Americas,Chicago,Metro cluster,Inland,41.8781,-87.6298,,,,,41.8781,-87.6298,City latitude / City longitude,ERA5_only_global_radiation,no,no,Do not replace with distant satellite-FOV coordinate; use ERA5-only global generator at city coordinate.,"Failure is caused by CAMS satellite radiation field-of-view, not by missing city coordinate. Nearby land coordinate normally cannot fix this without moving the weather location too far.",002_United_States_Chicago_2025_AMY_ERA5.epw
United States,Americas,Atlanta,Metro cluster,Inland,33.749,-84.388,,,,,33.749,-84.388,City latitude / City longitude,ERA5_only_global_radiation,no,no,Do not replace with distant satellite-FOV coordinate; use ERA5-only global generator at city coordinate.,"Failure is caused by CAMS satellite radiation field-of-view, not by missing city coordinate. Nearby land coordinate normally cannot fix this without moving the weather location too far.",003_United_States_Atlanta_2025_AMY_ERA5.epw
United States,Americas,Phoenix,Metro cluster,Inland,33.4484,-112.074,,,,,33.4484,-112.074,City latitude / City longitude,ERA5_only_global_radiation,no,no,Do not replace with distant satellite-FOV coordinate; use ERA5-only global generator at city coordinate.,"Failure is caused by CAMS satellite radiation field-of-view, not by missing city coordinate. Nearby land coordinate normally cannot fix this without moving the weather location too far.",004_United_States_Phoenix_2025_AMY_ERA5.epw
United States,Americas,Silicon Valley / Santa Clara cluster,Metro cluster,Near-coastal,37.3541,-121.9552,37.55,-122.25,,,37.3541,-121.9552,City latitude / City longitude,ERA5_only_global_radiation,no,no,Do not replace with distant satellite-FOV coordinate; use ERA5-only global generator at city coordinate.,"Failure is caused by CAMS satellite radiation field-of-view, not by missing city coordinate. Nearby land coordinate normally cannot fix this without moving the weather location too far.",005_United_States_Silicon_Valley_Santa_Clara_cluster_2025_AMY_ERA5.epw
United States,Americas,Los Angeles,City market,Strict coastal,34.0522,-118.2437,33.75,-118.25,,,34.0522,-118.2437,City latitude / City longitude,ERA5_only_global_radiation,no,no,Do not replace with distant satellite-FOV coordinate; use ERA5-only global generator at city coordinate.,"Failure is caused by CAMS satellite radiation field-of-view, not by missing city coordinate. Nearby land coordinate normally cannot fix this without moving the weather location too far.",006_United_States_Los_Angeles_2025_AMY_ERA5.epw
United States,Americas,New York City / NY-NJ core,Metro cluster,Strict coastal,40.7128,-74.006,40.55,-73.95,,,40.7128,-74.006,City latitude / City longitude,ERA5_only_global_radiation,no,no,Do not replace with distant satellite-FOV coordinate; use ERA5-only global generator at city coordinate.,"Failure is caused by CAMS satellite radiation field-of-view, not by missing city coordinate. Nearby land coordinate normally cannot fix this without moving the weather location too far.",007_United_States_New_York_City_NY-NJ_core_2025_AMY_ERA5.epw
United States,Americas,Central Washington / Quincy-Wenatchee,Metro cluster,Inland,47.2343,-119.8526,,,,,47.2343,-119.8526,City latitude / City longitude,ERA5_only_global_radiation,no,no,Do not replace with distant satellite-FOV coordinate; use ERA5-only global generator at city coordinate.,"Failure is caused by CAMS satellite radiation field-of-view, not by missing city coordinate. Nearby land coordinate normally cannot fix this without moving the weather location too far.",008_United_States_Central_Washington_Quincy-Wenatchee_2025_AMY_ERA5.epw
United States,Americas,Seattle,City market,Strict coastal,47.6062,-122.3321,47.6,-122.45,47.5,-124.8,47.6062,-122.3321,City latitude / City longitude,ERA5_only_global_radiation,no,no,Do not replace with distant satellite-FOV coordinate; use ERA5-only global generator at city coordinate.,"Failure is caused by CAMS satellite radiation field-of-view, not by missing city coordinate. Nearby land coordinate normally cannot fix this without moving the weather location too far.",009_United_States_Seattle_2025_AMY_ERA5.epw
United States,Americas,"Hillsboro, OR",City market,Near-coastal,45.5229,-122.9898,45.55,-123.95,,,45.5229,-122.9898,City latitude / City longitude,ERA5_only_global_radiation,no,no,Do not replace with distant satellite-FOV coordinate; use ERA5-only global generator at city coordinate.,"Failure is caused by CAMS satellite radiation field-of-view, not by missing city coordinate. Nearby land coordinate normally cannot fix this without moving the weather location too far.",010_United_States_Hillsboro_OR_2025_AMY_ERA5.epw
United States,Americas,Miami,City market,Strict coastal,25.7617,-80.1918,25.75,-80.1,,,25.7617,-80.1918,City latitude / City longitude,ERA5_only_global_radiation,no,no,Do not replace with distant satellite-FOV coordinate; use ERA5-only global generator at city coordinate.,"Failure is caused by CAMS satellite radiation field-of-view, not by missing city coordinate. Nearby land coordinate normally cannot fix this without moving the weather location too far.",011_United_States_Miami_2025_AMY_ERA5.epw
China,APAC,Hong Kong SAR,City market,Strict coastal,22.3193,114.1694,22.25,114.2,,,22.3193,114.1694,City latitude / City longitude,ERA5_only_global_radiation,yes,yes,No replacement needed for CAMS common FOV; use city coordinate.,City coordinate is within common CAMS Radiation Service longitude bands.,012_China_Hong_Kong_SAR_2025_AMY_ERA5.epw
China,APAC,Shanghai,City market,Strict coastal,31.2304,121.4737,31.2,121.7,,,31.2304,121.4737,City latitude / City longitude,ERA5_only_global_radiation,yes,yes,No replacement needed for CAMS common FOV; use city coordinate.,City coordinate is within common CAMS Radiation Service longitude bands.,013_China_Shanghai_2025_AMY_ERA5.epw
China,APAC,Beijing,City market,Inland,39.9042,116.4074,,,,,39.9042,116.4074,City latitude / City longitude,ERA5_only_global_radiation,yes,yes,No replacement needed for CAMS common FOV; use city coordinate.,City coordinate is within common CAMS Radiation Service longitude bands.,014_China_Beijing_2025_AMY_ERA5.epw
China,APAC,Langfang,City market,Inland,39.5239,116.7044,,,,,39.5239,116.7044,City latitude / City longitude,ERA5_only_global_radiation,yes,yes,No replacement needed for CAMS common FOV; use city coordinate.,City coordinate is within common CAMS Radiation Service longitude bands.,015_China_Langfang_2025_AMY_ERA5.epw
China,APAC,Guangzhou,City market,Near-coastal,23.1291,113.2644,22.95,113.55,21.8,113.8,23.1291,113.2644,City latitude / City longitude,ERA5_only_global_radiation,yes,yes,No replacement needed for CAMS common FOV; use city coordinate.,City coordinate is within common CAMS Radiation Service longitude bands.,016_China_Guangzhou_2025_AMY_ERA5.epw
China,APAC,Zhangjiakou,City market,Inland,40.8244,114.8875,,,,,40.8244,114.8875,City latitude / City longitude,ERA5_only_global_radiation,yes,yes,No replacement needed for CAMS common FOV; use city coordinate.,City coordinate is within common CAMS Radiation Service longitude bands.,017_China_Zhangjiakou_2025_AMY_ERA5.epw
China,APAC,Shenzhen,City market,Strict coastal,22.5431,114.0579,22.45,114.2,,,22.5431,114.0579,City latitude / City longitude,ERA5_only_global_radiation,yes,yes,No replacement needed for CAMS common FOV; use city coordinate.,City coordinate is within common CAMS Radiation Service longitude bands.,018_China_Shenzhen_2025_AMY_ERA5.epw
China,APAC,Dongguan,City market,Near-coastal,23.0205,113.7518,22.9,113.65,,,23.0205,113.7518,City latitude / City longitude,ERA5_only_global_radiation,yes,yes,No replacement needed for CAMS common FOV; use city coordinate.,City coordinate is within common CAMS Radiation Service longitude bands.,019_China_Dongguan_2025_AMY_ERA5.epw
China,APAC,Ulanqab,City market,Inland,41.0341,113.1156,,,,,41.0341,113.1156,City latitude / City longitude,ERA5_only_global_radiation,yes,yes,No replacement needed for CAMS common FOV; use city coordinate.,City coordinate is within common CAMS Radiation Service longitude bands.,020_China_Ulanqab_2025_AMY_ERA5.epw
China,APAC,Suzhou,City market,Near-coastal,31.2989,120.5853,31.25,121.0,31.0,122.5,31.2989,120.5853,City latitude / City longitude,ERA5_only_global_radiation,yes,yes,No replacement needed for CAMS common FOV; use city coordinate.,City coordinate is within common CAMS Radiation Service longitude bands.,021_China_Suzhou_2025_AMY_ERA5.epw
China,APAC,Chengdu,City market,Inland,30.5728,104.0668,,,,,30.5728,104.0668,City latitude / City longitude,ERA5_only_global_radiation,yes,yes,No replacement needed for CAMS common FOV; use city coordinate.,City coordinate is within common CAMS Radiation Service longitude bands.,022_China_Chengdu_2025_AMY_ERA5.epw
China,APAC,Zhongwei,City market,Inland,37.5002,105.1968,,,,,37.5002,105.1968,City latitude / City longitude,ERA5_only_global_radiation,yes,yes,No replacement needed for CAMS common FOV; use city coordinate.,City coordinate is within common CAMS Radiation Service longitude bands.,023_China_Zhongwei_2025_AMY_ERA5.epw
China,APAC,Guiyang,City market,Inland,26.6477,106.6302,,,,,26.6477,106.6302,City latitude / City longitude,ERA5_only_global_radiation,yes,yes,No replacement needed for CAMS common FOV; use city coordinate.,City coordinate is within common CAMS Radiation Service longitude bands.,024_China_Guiyang_2025_AMY_ERA5.epw
China,APAC,Nanjing,City market,Inland,32.0603,118.7969,,,,,32.0603,118.7969,City latitude / City longitude,ERA5_only_global_radiation,yes,yes,No replacement needed for CAMS common FOV; use city coordinate.,City coordinate is within common CAMS Radiation Service longitude bands.,025_China_Nanjing_2025_AMY_ERA5.epw
China,APAC,Tianjin,City market,Strict coastal,39.3434,117.3616,39.0,117.75,,,39.3434,117.3616,City latitude / City longitude,ERA5_only_global_radiation,yes,yes,No replacement needed for CAMS common FOV; use city coordinate.,City coordinate is within common CAMS Radiation Service longitude bands.,026_China_Tianjin_2025_AMY_ERA5.epw
China,APAC,Haikou,City market,Strict coastal,20.044,110.1999,20.05,110.35,,,20.044,110.1999,City latitude / City longitude,ERA5_only_global_radiation,yes,yes,No replacement needed for CAMS common FOV; use city coordinate.,City coordinate is within common CAMS Radiation Service longitude bands.,027_China_Haikou_2025_AMY_ERA5.epw
China,APAC,Xiamen,City market,Strict coastal,24.4798,118.0894,24.45,118.15,,,24.4798,118.0894,City latitude / City longitude,ERA5_only_global_radiation,yes,yes,No replacement needed for CAMS common FOV; use city coordinate.,City coordinate is within common CAMS Radiation Service longitude bands.,028_China_Xiamen_2025_AMY_ERA5.epw
China,APAC,Dalian,City market,Strict coastal,38.914,121.6147,38.9,121.75,,,38.914,121.6147,City latitude / City longitude,ERA5_only_global_radiation,yes,yes,No replacement needed for CAMS common FOV; use city coordinate.,City coordinate is within common CAMS Radiation Service longitude bands.,029_China_Dalian_2025_AMY_ERA5.epw
China,APAC,Qingdao,City market,Strict coastal,36.0671,120.3826,36.0,120.5,,,36.0671,120.3826,City latitude / City longitude,ERA5_only_global_radiation,yes,yes,No replacement needed for CAMS common FOV; use city coordinate.,City coordinate is within common CAMS Radiation Service longitude bands.,030_China_Qingdao_2025_AMY_ERA5.epw
China,APAC,Sanya,City market,Strict coastal,18.2528,109.5119,18.2,109.55,,,18.2528,109.5119,City latitude / City longitude,ERA5_only_global_radiation,yes,yes,No replacement needed for CAMS common FOV; use city coordinate.,City coordinate is within common CAMS Radiation Service longitude bands.,031_China_Sanya_2025_AMY_ERA5.epw
India,APAC,Mumbai + Navi Mumbai,Metro cluster,Strict coastal,19.076,72.8777,18.95,72.8,,,19.076,72.8777,City latitude / City longitude,ERA5_only_global_radiation,no,yes,Do not replace with distant satellite-FOV coordinate; use ERA5-only global generator at city coordinate.,"Failure is caused by CAMS satellite radiation field-of-view, not by missing city coordinate. Nearby land coordinate normally cannot fix this without moving the weather location too far.",032_India_Mumbai_Navi_Mumbai_2025_AMY_ERA5.epw
India,APAC,Delhi-NCR / Noida-Gurgaon-New Delhi,Metro cluster,Inland,28.6139,77.209,,,,,28.6139,77.209,City latitude / City longitude,ERA5_only_global_radiation,yes,yes,No replacement needed for CAMS common FOV; use city coordinate.,City coordinate is within common CAMS Radiation Service longitude bands.,033_India_Delhi-NCR_Noida-Gurgaon-New_Delhi_2025_AMY_ERA5.epw
India,APAC,Hyderabad,City market,Inland,17.385,78.4867,,,,,17.385,78.4867,City latitude / City longitude,ERA5_only_global_radiation,yes,yes,No replacement needed for CAMS common FOV; use city coordinate.,City coordinate is within common CAMS Radiation Service longitude bands.,034_India_Hyderabad_2025_AMY_ERA5.epw
India,APAC,Chennai,City market,Strict coastal,13.0827,80.2707,13.05,80.35,,,13.0827,80.2707,City latitude / City longitude,ERA5_only_global_radiation,yes,yes,No replacement needed for CAMS common FOV; use city coordinate.,City coordinate is within common CAMS Radiation Service longitude bands.,035_India_Chennai_2025_AMY_ERA5.epw
India,APAC,Bengaluru,City market,Inland,12.9716,77.5946,,,,,12.9716,77.5946,City latitude / City longitude,ERA5_only_global_radiation,yes,yes,No replacement needed for CAMS common FOV; use city coordinate.,City coordinate is within common CAMS Radiation Service longitude bands.,036_India_Bengaluru_2025_AMY_ERA5.epw
India,APAC,Pune,City market,Inland,18.5204,73.8567,,,,,18.5204,73.8567,City latitude / City longitude,ERA5_only_global_radiation,no,yes,Do not replace with distant satellite-FOV coordinate; use ERA5-only global generator at city coordinate.,"Failure is caused by CAMS satellite radiation field-of-view, not by missing city coordinate. Nearby land coordinate normally cannot fix this without moving the weather location too far.",037_India_Pune_2025_AMY_ERA5.epw
India,APAC,Ahmedabad,City market,Inland,23.0225,72.5714,,,,,23.0225,72.5714,City latitude / City longitude,ERA5_only_global_radiation,no,yes,Do not replace with distant satellite-FOV coordinate; use ERA5-only global generator at city coordinate.,"Failure is caused by CAMS satellite radiation field-of-view, not by missing city coordinate. Nearby land coordinate normally cannot fix this without moving the weather location too far.",038_India_Ahmedabad_2025_AMY_ERA5.epw
India,APAC,Kolkata,City market,Near-coastal,22.5726,88.3639,21.75,88.1,,,22.5726,88.3639,City latitude / City longitude,ERA5_only_global_radiation,yes,yes,No replacement needed for CAMS common FOV; use city coordinate.,City coordinate is within common CAMS Radiation Service longitude bands.,039_India_Kolkata_2025_AMY_ERA5.epw
India,APAC,Cochin,City market,Strict coastal,9.9312,76.2673,9.95,76.2,,,9.9312,76.2673,City latitude / City longitude,ERA5_only_global_radiation,yes,yes,No replacement needed for CAMS common FOV; use city coordinate.,City coordinate is within common CAMS Radiation Service longitude bands.,040_India_Cochin_2025_AMY_ERA5.epw
India,APAC,Jaipur,City market,Inland,26.9124,75.7873,,,,,26.9124,75.7873,City latitude / City longitude,ERA5_only_global_radiation,yes,yes,No replacement needed for CAMS common FOV; use city coordinate.,City coordinate is within common CAMS Radiation Service longitude bands.,041_India_Jaipur_2025_AMY_ERA5.epw
India,APAC,Visakhapatnam,City market,Strict coastal,17.6868,83.2185,17.65,83.3,,,17.6868,83.2185,City latitude / City longitude,ERA5_only_global_radiation,yes,yes,No replacement needed for CAMS common FOV; use city coordinate.,City coordinate is within common CAMS Radiation Service longitude bands.,042_India_Visakhapatnam_2025_AMY_ERA5.epw
Japan,APAC,Greater Tokyo / Tokyo Bay cluster,Metro cluster,Strict coastal,35.6762,139.6503,35.55,139.85,,,35.6762,139.6503,City latitude / City longitude,ERA5_only_global_radiation,yes,yes,No replacement needed for CAMS common FOV; use city coordinate.,City coordinate is within common CAMS Radiation Service longitude bands.,043_Japan_Greater_Tokyo_Tokyo_Bay_cluster_2025_AMY_ERA5.epw
Japan,APAC,Osaka-Kobe,Metro cluster,Strict coastal,34.6937,135.5023,34.6,135.2,,,34.6937,135.5023,City latitude / City longitude,ERA5_only_global_radiation,yes,yes,No replacement needed for CAMS common FOV; use city coordinate.,City coordinate is within common CAMS Radiation Service longitude bands.,044_Japan_Osaka-Kobe_2025_AMY_ERA5.epw
Japan,APAC,Sapporo,City market,Near-coastal,43.0618,141.3545,43.05,141.25,,,43.0618,141.3545,City latitude / City longitude,ERA5_only_global_radiation,yes,yes,No replacement needed for CAMS common FOV; use city coordinate.,City coordinate is within common CAMS Radiation Service longitude bands.,045_Japan_Sapporo_2025_AMY_ERA5.epw
Japan,APAC,Fukuoka,City market,Strict coastal,33.5902,130.4017,33.6,130.25,,,33.5902,130.4017,City latitude / City longitude,ERA5_only_global_radiation,yes,yes,No replacement needed for CAMS common FOV; use city coordinate.,City coordinate is within common CAMS Radiation Service longitude bands.,046_Japan_Fukuoka_2025_AMY_ERA5.epw
Japan,APAC,Kanazawa,City market,Strict coastal,36.5613,136.6562,36.6,136.55,,,36.5613,136.6562,City latitude / City longitude,ERA5_only_global_radiation,yes,yes,No replacement needed for CAMS common FOV; use city coordinate.,City coordinate is within common CAMS Radiation Service longitude bands.,047_Japan_Kanazawa_2025_AMY_ERA5.epw
Japan,APAC,Nagoya,City market,Near-coastal,35.1815,136.9066,35.05,136.8,,,35.1815,136.9066,City latitude / City longitude,ERA5_only_global_radiation,yes,yes,No replacement needed for CAMS common FOV; use city coordinate.,City coordinate is within common CAMS Radiation Service longitude bands.,048_Japan_Nagoya_2025_AMY_ERA5.epw
Japan,APAC,Naha / Okinawa,Metro cluster,Strict coastal,26.2124,127.6792,26.2,127.65,,,26.2124,127.6792,City latitude / City longitude,ERA5_only_global_radiation,yes,yes,No replacement needed for CAMS common FOV; use city coordinate.,City coordinate is within common CAMS Radiation Service longitude bands.,049_Japan_Naha_Okinawa_2025_AMY_ERA5.epw
Japan,APAC,Takamatsu,City market,Strict coastal,34.3428,134.0466,34.35,134.05,,,34.3428,134.0466,City latitude / City longitude,ERA5_only_global_radiation,yes,yes,No replacement needed for CAMS common FOV; use city coordinate.,City coordinate is within common CAMS Radiation Service longitude bands.,050_Japan_Takamatsu_2025_AMY_ERA5.epw
Japan,APAC,Tsukuba,City market,Inland,36.0835,140.0764,,,,,36.0835,140.0764,City latitude / City longitude,ERA5_only_global_radiation,yes,yes,No replacement needed for CAMS common FOV; use city coordinate.,City coordinate is within common CAMS Radiation Service longitude bands.,051_Japan_Tsukuba_2025_AMY_ERA5.epw
Japan,APAC,Hiroshima,City market,Strict coastal,34.3853,132.4553,34.35,132.45,,,34.3853,132.4553,City latitude / City longitude,ERA5_only_global_radiation,yes,yes,No replacement needed for CAMS common FOV; use city coordinate.,City coordinate is within common CAMS Radiation Service longitude bands.,052_Japan_Hiroshima_2025_AMY_ERA5.epw
Japan,APAC,Fukushima,City market,Inland,37.7608,140.4747,,,,,37.7608,140.4747,City latitude / City longitude,ERA5_only_global_radiation,yes,yes,No replacement needed for CAMS common FOV; use city coordinate.,City coordinate is within common CAMS Radiation Service longitude bands.,053_Japan_Fukushima_2025_AMY_ERA5.epw
Japan,APAC,Maebashi,City market,Inland,36.3895,139.0634,,,,,36.3895,139.0634,City latitude / City longitude,ERA5_only_global_radiation,yes,yes,No replacement needed for CAMS common FOV; use city coordinate.,City coordinate is within common CAMS Radiation Service longitude bands.,054_Japan_Maebashi_2025_AMY_ERA5.epw
Japan,APAC,Niigata,City market,Strict coastal,37.9162,139.0364,37.95,139.1,,,37.9162,139.0364,City latitude / City longitude,ERA5_only_global_radiation,yes,yes,No replacement needed for CAMS common FOV; use city coordinate.,City coordinate is within common CAMS Radiation Service longitude bands.,055_Japan_Niigata_2025_AMY_ERA5.epw
Japan,APAC,Okayama,City market,Near-coastal,34.6551,133.9195,34.55,134.0,,,34.6551,133.9195,City latitude / City longitude,ERA5_only_global_radiation,yes,yes,No replacement needed for CAMS common FOV; use city coordinate.,City coordinate is within common CAMS Radiation Service longitude bands.,056_Japan_Okayama_2025_AMY_ERA5.epw
Japan,APAC,Sendai,City market,Strict coastal,38.2682,140.8694,38.25,141.05,,,38.2682,140.8694,City latitude / City longitude,ERA5_only_global_radiation,yes,yes,No replacement needed for CAMS common FOV; use city coordinate.,City coordinate is within common CAMS Radiation Service longitude bands.,057_Japan_Sendai_2025_AMY_ERA5.epw
Japan,APAC,Kagoshima,City market,Strict coastal,31.5966,130.5571,31.6,130.6,,,31.5966,130.5571,City latitude / City longitude,ERA5_only_global_radiation,yes,yes,No replacement needed for CAMS common FOV; use city coordinate.,City coordinate is within common CAMS Radiation Service longitude bands.,058_Japan_Kagoshima_2025_AMY_ERA5.epw
Japan,APAC,Matsuyama,City market,Strict coastal,33.8392,132.7657,33.85,132.7,,,33.8392,132.7657,City latitude / City longitude,ERA5_only_global_radiation,yes,yes,No replacement needed for CAMS common FOV; use city coordinate.,City coordinate is within common CAMS Radiation Service longitude bands.,059_Japan_Matsuyama_2025_AMY_ERA5.epw
Australia,APAC,Sydney,City market,Strict coastal,-33.8688,151.2093,-33.85,151.3,,,-33.8688,151.2093,City latitude / City longitude,ERA5_only_global_radiation,yes,yes,No replacement needed for CAMS common FOV; use city coordinate.,City coordinate is within common CAMS Radiation Service longitude bands.,060_Australia_Sydney_2025_AMY_ERA5.epw
Australia,APAC,Melbourne,City market,Strict coastal,-37.8136,144.9631,-37.9,145.0,,,-37.8136,144.9631,City latitude / City longitude,ERA5_only_global_radiation,yes,yes,No replacement needed for CAMS common FOV; use city coordinate.,City coordinate is within common CAMS Radiation Service longitude bands.,061_Australia_Melbourne_2025_AMY_ERA5.epw
Australia,APAC,Perth,City market,Strict coastal,-31.9523,115.8613,-32.0,115.7,,,-31.9523,115.8613,City latitude / City longitude,ERA5_only_global_radiation,yes,yes,No replacement needed for CAMS common FOV; use city coordinate.,City coordinate is within common CAMS Radiation Service longitude bands.,062_Australia_Perth_2025_AMY_ERA5.epw
Australia,APAC,Brisbane,City market,Strict coastal,-27.4698,153.0251,-27.4,153.15,,,-27.4698,153.0251,City latitude / City longitude,ERA5_only_global_radiation,yes,yes,No replacement needed for CAMS common FOV; use city coordinate.,City coordinate is within common CAMS Radiation Service longitude bands.,063_Australia_Brisbane_2025_AMY_ERA5.epw
Australia,APAC,Canberra,City market,Inland,-35.2809,149.13,,,,,-35.2809,149.13,City latitude / City longitude,ERA5_only_global_radiation,yes,yes,No replacement needed for CAMS common FOV; use city coordinate.,City coordinate is within common CAMS Radiation Service longitude bands.,064_Australia_Canberra_2025_AMY_ERA5.epw
Australia,APAC,Adelaide,City market,Strict coastal,-34.9285,138.6007,-34.9,138.45,,,-34.9285,138.6007,City latitude / City longitude,ERA5_only_global_radiation,yes,yes,No replacement needed for CAMS common FOV; use city coordinate.,City coordinate is within common CAMS Radiation Service longitude bands.,065_Australia_Adelaide_2025_AMY_ERA5.epw
Australia,APAC,Darwin,City market,Strict coastal,-12.4634,130.8456,-12.45,130.85,,,-12.4634,130.8456,City latitude / City longitude,ERA5_only_global_radiation,yes,yes,No replacement needed for CAMS common FOV; use city coordinate.,City coordinate is within common CAMS Radiation Service longitude bands.,066_Australia_Darwin_2025_AMY_ERA5.epw
Australia,APAC,Hobart,City market,Strict coastal,-42.8821,147.3272,-42.9,147.35,,,-42.8821,147.3272,City latitude / City longitude,ERA5_only_global_radiation,yes,yes,No replacement needed for CAMS common FOV; use city coordinate.,City coordinate is within common CAMS Radiation Service longitude bands.,067_Australia_Hobart_2025_AMY_ERA5.epw
Australia,APAC,Newcastle AU,City market,Strict coastal,-32.9283,151.7817,-32.95,151.85,,,-32.9283,151.7817,City latitude / City longitude,ERA5_only_global_radiation,yes,yes,No replacement needed for CAMS common FOV; use city coordinate.,City coordinate is within common CAMS Radiation Service longitude bands.,068_Australia_Newcastle_AU_2025_AMY_ERA5.epw
Australia,APAC,Ballarat,City market,Inland,-37.5622,143.8503,,,,,-37.5622,143.8503,City latitude / City longitude,ERA5_only_global_radiation,yes,yes,No replacement needed for CAMS common FOV; use city coordinate.,City coordinate is within common CAMS Radiation Service longitude bands.,069_Australia_Ballarat_2025_AMY_ERA5.epw
Australia,APAC,Albury,City market,Inland,-36.0737,146.9135,,,,,-36.0737,146.9135,City latitude / City longitude,ERA5_only_global_radiation,yes,yes,No replacement needed for CAMS common FOV; use city coordinate.,City coordinate is within common CAMS Radiation Service longitude bands.,070_Australia_Albury_2025_AMY_ERA5.epw
Australia,APAC,Geraldton,City market,Strict coastal,-28.7774,114.6149,-28.75,114.6,,,-28.7774,114.6149,City latitude / City longitude,ERA5_only_global_radiation,yes,yes,No replacement needed for CAMS common FOV; use city coordinate.,City coordinate is within common CAMS Radiation Service longitude bands.,071_Australia_Geraldton_2025_AMY_ERA5.epw
Australia,APAC,Gold Coast,City market,Strict coastal,-28.0167,153.4,-28.0,153.45,,,-28.0167,153.4,City latitude / City longitude,ERA5_only_global_radiation,yes,yes,No replacement needed for CAMS common FOV; use city coordinate.,City coordinate is within common CAMS Radiation Service longitude bands.,072_Australia_Gold_Coast_2025_AMY_ERA5.epw
Australia,APAC,Sunshine Coast,City market,Strict coastal,-26.65,153.0667,-26.65,153.15,,,-26.65,153.0667,City latitude / City longitude,ERA5_only_global_radiation,yes,yes,No replacement needed for CAMS common FOV; use city coordinate.,City coordinate is within common CAMS Radiation Service longitude bands.,073_Australia_Sunshine_Coast_2025_AMY_ERA5.epw
Australia,APAC,Townsville,City market,Strict coastal,-19.2589,146.8169,-19.25,146.85,,,-19.2589,146.8169,City latitude / City longitude,ERA5_only_global_radiation,yes,yes,No replacement needed for CAMS common FOV; use city coordinate.,City coordinate is within common CAMS Radiation Service longitude bands.,074_Australia_Townsville_2025_AMY_ERA5.epw
Australia,APAC,Coffs Harbour,City market,Strict coastal,-30.2986,153.1094,-30.3,153.15,,,-30.2986,153.1094,City latitude / City longitude,ERA5_only_global_radiation,yes,yes,No replacement needed for CAMS common FOV; use city coordinate.,City coordinate is within common CAMS Radiation Service longitude bands.,075_Australia_Coffs_Harbour_2025_AMY_ERA5.epw
Australia,APAC,Geelong,City market,Strict coastal,-38.1499,144.3617,-38.1,144.35,,,-38.1499,144.3617,City latitude / City longitude,ERA5_only_global_radiation,yes,yes,No replacement needed for CAMS common FOV; use city coordinate.,City coordinate is within common CAMS Radiation Service longitude bands.,076_Australia_Geelong_2025_AMY_ERA5.epw
Australia,APAC,Wollongong,City market,Strict coastal,-34.4278,150.8931,-34.43,150.95,,,-34.4278,150.8931,City latitude / City longitude,ERA5_only_global_radiation,yes,yes,No replacement needed for CAMS common FOV; use city coordinate.,City coordinate is within common CAMS Radiation Service longitude bands.,077_Australia_Wollongong_2025_AMY_ERA5.epw
Singapore,APAC,Singapore,City-state,Strict coastal,1.3521,103.8198,1.25,103.85,,,1.3521,103.8198,City latitude / City longitude,ERA5_only_global_radiation,yes,yes,No replacement needed for CAMS common FOV; use city coordinate.,City coordinate is within common CAMS Radiation Service longitude bands.,078_Singapore_Singapore_2025_AMY_ERA5.epw
South Korea,APAC,Greater Seoul / Seoul-Incheon-Seongnam,Metro cluster,Near-coastal,37.5665,126.978,37.45,126.6,,,37.5665,126.978,City latitude / City longitude,ERA5_only_global_radiation,yes,yes,No replacement needed for CAMS common FOV; use city coordinate.,City coordinate is within common CAMS Radiation Service longitude bands.,079_South_Korea_Greater_Seoul_Seoul-Incheon-Seongnam_2025_AMY_ERA5.epw
South Korea,APAC,Busan,City market,Strict coastal,35.1796,129.0756,35.15,129.15,,,35.1796,129.0756,City latitude / City longitude,ERA5_only_global_radiation,yes,yes,No replacement needed for CAMS common FOV; use city coordinate.,City coordinate is within common CAMS Radiation Service longitude bands.,080_South_Korea_Busan_2025_AMY_ERA5.epw
South Korea,APAC,Chuncheon,City market,Inland,37.8813,127.7298,,,,,37.8813,127.7298,City latitude / City longitude,ERA5_only_global_radiation,yes,yes,No replacement needed for CAMS common FOV; use city coordinate.,City coordinate is within common CAMS Radiation Service longitude bands.,081_South_Korea_Chuncheon_2025_AMY_ERA5.epw
South Korea,APAC,Gumi,City market,Inland,36.1195,128.3446,,,,,36.1195,128.3446,City latitude / City longitude,ERA5_only_global_radiation,yes,yes,No replacement needed for CAMS common FOV; use city coordinate.,City coordinate is within common CAMS Radiation Service longitude bands.,082_South_Korea_Gumi_2025_AMY_ERA5.epw
South Korea,APAC,Sejong,City market,Inland,36.48,127.289,,,,,36.48,127.289,City latitude / City longitude,ERA5_only_global_radiation,yes,yes,No replacement needed for CAMS common FOV; use city coordinate.,City coordinate is within common CAMS Radiation Service longitude bands.,083_South_Korea_Sejong_2025_AMY_ERA5.epw
South Korea,APAC,Daegu,City market,Inland,35.8714,128.6014,,,,,35.8714,128.6014,City latitude / City longitude,ERA5_only_global_radiation,yes,yes,No replacement needed for CAMS common FOV; use city coordinate.,City coordinate is within common CAMS Radiation Service longitude bands.,084_South_Korea_Daegu_2025_AMY_ERA5.epw
South Korea,APAC,Gangneung,City market,Strict coastal,37.7519,128.8761,37.75,128.95,,,37.7519,128.8761,City latitude / City longitude,ERA5_only_global_radiation,yes,yes,No replacement needed for CAMS common FOV; use city coordinate.,City coordinate is within common CAMS Radiation Service longitude bands.,085_South_Korea_Gangneung_2025_AMY_ERA5.epw
South Korea,APAC,Gunsan,City market,Strict coastal,35.9677,126.7366,35.95,126.7,,,35.9677,126.7366,City latitude / City longitude,ERA5_only_global_radiation,yes,yes,No replacement needed for CAMS common FOV; use city coordinate.,City coordinate is within common CAMS Radiation Service longitude bands.,086_South_Korea_Gunsan_2025_AMY_ERA5.epw
South Korea,APAC,Gwangju,City market,Inland,35.1595,126.8526,,,,,35.1595,126.8526,City latitude / City longitude,ERA5_only_global_radiation,yes,yes,No replacement needed for CAMS common FOV; use city coordinate.,City coordinate is within common CAMS Radiation Service longitude bands.,087_South_Korea_Gwangju_2025_AMY_ERA5.epw
South Korea,APAC,Ulsan,City market,Strict coastal,35.5384,129.3114,35.5,129.4,,,35.5384,129.3114,City latitude / City longitude,ERA5_only_global_radiation,yes,yes,No replacement needed for CAMS common FOV; use city coordinate.,City coordinate is within common CAMS Radiation Service longitude bands.,088_South_Korea_Ulsan_2025_AMY_ERA5.epw
United Kingdom,EMEA,Greater London / London,Metro cluster,Near-coastal,51.5074,-0.1278,51.5,0.2,51.5,1.5,51.5074,-0.1278,City latitude / City longitude,ERA5_only_global_radiation,yes,yes,No replacement needed for CAMS common FOV; use city coordinate.,City coordinate is within common CAMS Radiation Service longitude bands.,089_United_Kingdom_Greater_London_London_2025_AMY_ERA5.epw
United Kingdom,EMEA,Manchester,City/region market,Inland,53.4808,-2.2426,,,,,53.4808,-2.2426,City latitude / City longitude,ERA5_only_global_radiation,yes,yes,No replacement needed for CAMS common FOV; use city coordinate.,City coordinate is within common CAMS Radiation Service longitude bands.,090_United_Kingdom_Manchester_2025_AMY_ERA5.epw
United Kingdom,EMEA,Cardiff,City/region market,Strict coastal,51.4816,-3.1791,51.45,-3.1,,,51.4816,-3.1791,City latitude / City longitude,ERA5_only_global_radiation,yes,yes,No replacement needed for CAMS common FOV; use city coordinate.,City coordinate is within common CAMS Radiation Service longitude bands.,091_United_Kingdom_Cardiff_2025_AMY_ERA5.epw
United Kingdom,EMEA,Birmingham UK,City/region market,Inland,52.4862,-1.8904,,,,,52.4862,-1.8904,City latitude / City longitude,ERA5_only_global_radiation,yes,yes,No replacement needed for CAMS common FOV; use city coordinate.,City coordinate is within common CAMS Radiation Service longitude bands.,092_United_Kingdom_Birmingham_UK_2025_AMY_ERA5.epw
United Kingdom,EMEA,Leeds,City/region market,Inland,53.8008,-1.5491,,,,,53.8008,-1.5491,City latitude / City longitude,ERA5_only_global_radiation,yes,yes,No replacement needed for CAMS common FOV; use city coordinate.,City coordinate is within common CAMS Radiation Service longitude bands.,093_United_Kingdom_Leeds_2025_AMY_ERA5.epw
United Kingdom,EMEA,Glasgow,City/region market,Near-coastal,55.8642,-4.2518,55.85,-4.6,,,55.8642,-4.2518,City latitude / City longitude,ERA5_only_global_radiation,yes,yes,No replacement needed for CAMS common FOV; use city coordinate.,City coordinate is within common CAMS Radiation Service longitude bands.,094_United_Kingdom_Glasgow_2025_AMY_ERA5.epw
United Kingdom,EMEA,Berkshire / Reading-Slough,City/region market,Inland,51.4543,-0.9781,,,,,51.4543,-0.9781,City latitude / City longitude,ERA5_only_global_radiation,yes,yes,No replacement needed for CAMS common FOV; use city coordinate.,City coordinate is within common CAMS Radiation Service longitude bands.,095_United_Kingdom_Berkshire_Reading-Slough_2025_AMY_ERA5.epw
United Kingdom,EMEA,Edinburgh,City/region market,Strict coastal,55.9533,-3.1883,55.95,-3.05,,,55.9533,-3.1883,City latitude / City longitude,ERA5_only_global_radiation,yes,yes,No replacement needed for CAMS common FOV; use city coordinate.,City coordinate is within common CAMS Radiation Service longitude bands.,096_United_Kingdom_Edinburgh_2025_AMY_ERA5.epw
United Kingdom,EMEA,Cambridge,City/region market,Inland,52.2053,0.1218,,,,,52.2053,0.1218,City latitude / City longitude,ERA5_only_global_radiation,yes,yes,No replacement needed for CAMS common FOV; use city coordinate.,City coordinate is within common CAMS Radiation Service longitude bands.,097_United_Kingdom_Cambridge_2025_AMY_ERA5.epw
United Kingdom,EMEA,Farnborough,City/region market,Inland,51.2869,-0.7526,,,,,51.2869,-0.7526,City latitude / City longitude,ERA5_only_global_radiation,yes,yes,No replacement needed for CAMS common FOV; use city coordinate.,City coordinate is within common CAMS Radiation Service longitude bands.,098_United_Kingdom_Farnborough_2025_AMY_ERA5.epw
United Kingdom,EMEA,Newcastle,City/region market,Strict coastal,54.9783,-1.6178,55.0,-1.45,,,54.9783,-1.6178,City latitude / City longitude,ERA5_only_global_radiation,yes,yes,No replacement needed for CAMS common FOV; use city coordinate.,City coordinate is within common CAMS Radiation Service longitude bands.,099_United_Kingdom_Newcastle_2025_AMY_ERA5.epw
United Kingdom,EMEA,Portsmouth,City/region market,Strict coastal,50.8198,-1.088,50.8,-1.1,,,50.8198,-1.088,City latitude / City longitude,ERA5_only_global_radiation,yes,yes,No replacement needed for CAMS common FOV; use city coordinate.,City coordinate is within common CAMS Radiation Service longitude bands.,100_United_Kingdom_Portsmouth_2025_AMY_ERA5.epw
United Kingdom,EMEA,High Wycombe,City/region market,Inland,51.6286,-0.7482,,,,,51.6286,-0.7482,City latitude / City longitude,ERA5_only_global_radiation,yes,yes,No replacement needed for CAMS common FOV; use city coordinate.,City coordinate is within common CAMS Radiation Service longitude bands.,101_United_Kingdom_High_Wycombe_2025_AMY_ERA5.epw
United Kingdom,EMEA,North Wales,City/region market,Strict coastal,53.14,-3.78,53.3,-3.8,,,53.14,-3.78,City latitude / City longitude,ERA5_only_global_radiation,yes,yes,No replacement needed for CAMS common FOV; use city coordinate.,City coordinate is within common CAMS Radiation Service longitude bands.,102_United_Kingdom_North_Wales_2025_AMY_ERA5.epw
United Kingdom,EMEA,Liverpool,City/region market,Strict coastal,53.4084,-2.9916,53.4,-3.05,,,53.4084,-2.9916,City latitude / City longitude,ERA5_only_global_radiation,yes,yes,No replacement needed for CAMS common FOV; use city coordinate.,City coordinate is within common CAMS Radiation Service longitude bands.,103_United_Kingdom_Liverpool_2025_AMY_ERA5.epw
United Kingdom,EMEA,Nottingham,City/region market,Inland,52.9548,-1.1581,,,,,52.9548,-1.1581,City latitude / City longitude,ERA5_only_global_radiation,yes,yes,No replacement needed for CAMS common FOV; use city coordinate.,City coordinate is within common CAMS Radiation Service longitude bands.,104_United_Kingdom_Nottingham_2025_AMY_ERA5.epw
United Kingdom,EMEA,Sheffield,City/region market,Inland,53.3811,-1.4701,,,,,53.3811,-1.4701,City latitude / City longitude,ERA5_only_global_radiation,yes,yes,No replacement needed for CAMS common FOV; use city coordinate.,City coordinate is within common CAMS Radiation Service longitude bands.,105_United_Kingdom_Sheffield_2025_AMY_ERA5.epw
United Kingdom,EMEA,Belfast,City/region market,Strict coastal,54.5973,-5.9301,54.6,-5.85,54.9,-5.3,54.5973,-5.9301,City latitude / City longitude,ERA5_only_global_radiation,yes,yes,No replacement needed for CAMS common FOV; use city coordinate.,City coordinate is within common CAMS Radiation Service longitude bands.,106_United_Kingdom_Belfast_2025_AMY_ERA5.epw
United Kingdom,EMEA,Essex,City/region market,Strict coastal,51.7343,0.4691,51.75,0.95,,,51.7343,0.4691,City latitude / City longitude,ERA5_only_global_radiation,yes,yes,No replacement needed for CAMS common FOV; use city coordinate.,City coordinate is within common CAMS Radiation Service longitude bands.,107_United_Kingdom_Essex_2025_AMY_ERA5.epw
United Kingdom,EMEA,Kent,City/region market,Strict coastal,51.2787,0.5217,51.35,1.0,,,51.2787,0.5217,City latitude / City longitude,ERA5_only_global_radiation,yes,yes,No replacement needed for CAMS common FOV; use city coordinate.,City coordinate is within common CAMS Radiation Service longitude bands.,108_United_Kingdom_Kent_2025_AMY_ERA5.epw
United Kingdom,EMEA,Middlesbrough,City/region market,Strict coastal,54.5742,-1.235,54.6,-1.15,,,54.5742,-1.235,City latitude / City longitude,ERA5_only_global_radiation,yes,yes,No replacement needed for CAMS common FOV; use city coordinate.,City coordinate is within common CAMS Radiation Service longitude bands.,109_United_Kingdom_Middlesbrough_2025_AMY_ERA5.epw
United Kingdom,EMEA,Oxfordshire,City/region market,Inland,51.752,-1.2577,,,,,51.752,-1.2577,City latitude / City longitude,ERA5_only_global_radiation,yes,yes,No replacement needed for CAMS common FOV; use city coordinate.,City coordinate is within common CAMS Radiation Service longitude bands.,110_United_Kingdom_Oxfordshire_2025_AMY_ERA5.epw
United Kingdom,EMEA,Aberdeen,City/region market,Strict coastal,57.1497,-2.0943,57.15,-2.0,,,57.1497,-2.0943,City latitude / City longitude,ERA5_only_global_radiation,yes,yes,No replacement needed for CAMS common FOV; use city coordinate.,City coordinate is within common CAMS Radiation Service longitude bands.,111_United_Kingdom_Aberdeen_2025_AMY_ERA5.epw
United Kingdom,EMEA,Bournemouth,City/region market,Strict coastal,50.7192,-1.8808,50.72,-1.9,,,50.7192,-1.8808,City latitude / City longitude,ERA5_only_global_radiation,yes,yes,No replacement needed for CAMS common FOV; use city coordinate.,City coordinate is within common CAMS Radiation Service longitude bands.,112_United_Kingdom_Bournemouth_2025_AMY_ERA5.epw
United Kingdom,EMEA,Hull,City/region market,Strict coastal,53.7676,-0.3274,53.75,-0.25,,,53.7676,-0.3274,City latitude / City longitude,ERA5_only_global_radiation,yes,yes,No replacement needed for CAMS common FOV; use city coordinate.,City coordinate is within common CAMS Radiation Service longitude bands.,113_United_Kingdom_Hull_2025_AMY_ERA5.epw
United Kingdom,EMEA,Bristol UK,City/region market,Near-coastal,51.4545,-2.5879,51.45,-2.8,,,51.4545,-2.5879,City latitude / City longitude,ERA5_only_global_radiation,yes,yes,No replacement needed for CAMS common FOV; use city coordinate.,City coordinate is within common CAMS Radiation Service longitude bands.,114_United_Kingdom_Bristol_UK_2025_AMY_ERA5.epw
Germany,EMEA,Frankfurt am Main,City market,Inland,50.1109,8.6821,,,,,50.1109,8.6821,City latitude / City longitude,ERA5_only_global_radiation,yes,yes,No replacement needed for CAMS common FOV; use city coordinate.,City coordinate is within common CAMS Radiation Service longitude bands.,115_Germany_Frankfurt_am_Main_2025_AMY_ERA5.epw
Germany,EMEA,Berlin,City market,Inland,52.52,13.405,,,,,52.52,13.405,City latitude / City longitude,ERA5_only_global_radiation,yes,yes,No replacement needed for CAMS common FOV; use city coordinate.,City coordinate is within common CAMS Radiation Service longitude bands.,116_Germany_Berlin_2025_AMY_ERA5.epw
Germany,EMEA,Munich,City market,Inland,48.1351,11.582,,,,,48.1351,11.582,City latitude / City longitude,ERA5_only_global_radiation,yes,yes,No replacement needed for CAMS common FOV; use city coordinate.,City coordinate is within common CAMS Radiation Service longitude bands.,117_Germany_Munich_2025_AMY_ERA5.epw
Germany,EMEA,Düsseldorf,City market,Inland,51.2277,6.7735,,,,,51.2277,6.7735,City latitude / City longitude,ERA5_only_global_radiation,yes,yes,No replacement needed for CAMS common FOV; use city coordinate.,City coordinate is within common CAMS Radiation Service longitude bands.,118_Germany_Düsseldorf_2025_AMY_ERA5.epw
Germany,EMEA,Hamburg,City market,Strict coastal,53.5511,9.9937,53.55,9.9,54.2,8.0,53.5511,9.9937,City latitude / City longitude,ERA5_only_global_radiation,yes,yes,No replacement needed for CAMS common FOV; use city coordinate.,City coordinate is within common CAMS Radiation Service longitude bands.,119_Germany_Hamburg_2025_AMY_ERA5.epw
Germany,EMEA,Nuremberg,City market,Inland,49.4521,11.0767,,,,,49.4521,11.0767,City latitude / City longitude,ERA5_only_global_radiation,yes,yes,No replacement needed for CAMS common FOV; use city coordinate.,City coordinate is within common CAMS Radiation Service longitude bands.,120_Germany_Nuremberg_2025_AMY_ERA5.epw
Germany,EMEA,Stuttgart,City market,Inland,48.7758,9.1829,,,,,48.7758,9.1829,City latitude / City longitude,ERA5_only_global_radiation,yes,yes,No replacement needed for CAMS common FOV; use city coordinate.,City coordinate is within common CAMS Radiation Service longitude bands.,121_Germany_Stuttgart_2025_AMY_ERA5.epw
Germany,EMEA,Falkenstein,City market,Inland,50.4779,12.3713,,,,,50.4779,12.3713,City latitude / City longitude,ERA5_only_global_radiation,yes,yes,No replacement needed for CAMS common FOV; use city coordinate.,City coordinate is within common CAMS Radiation Service longitude bands.,122_Germany_Falkenstein_2025_AMY_ERA5.epw
Germany,EMEA,Cologne,City market,Inland,50.9375,6.9603,,,,,50.9375,6.9603,City latitude / City longitude,ERA5_only_global_radiation,yes,yes,No replacement needed for CAMS common FOV; use city coordinate.,City coordinate is within common CAMS Radiation Service longitude bands.,123_Germany_Cologne_2025_AMY_ERA5.epw
Germany,EMEA,Dortmund,City market,Inland,51.5136,7.4653,,,,,51.5136,7.4653,City latitude / City longitude,ERA5_only_global_radiation,yes,yes,No replacement needed for CAMS common FOV; use city coordinate.,City coordinate is within common CAMS Radiation Service longitude bands.,124_Germany_Dortmund_2025_AMY_ERA5.epw
Germany,EMEA,Hannover,City market,Inland,52.3759,9.732,,,,,52.3759,9.732,City latitude / City longitude,ERA5_only_global_radiation,yes,yes,No replacement needed for CAMS common FOV; use city coordinate.,City coordinate is within common CAMS Radiation Service longitude bands.,125_Germany_Hannover_2025_AMY_ERA5.epw
Germany,EMEA,Bremen,City market,Near-coastal,53.0793,8.8017,53.4,8.5,,,53.0793,8.8017,City latitude / City longitude,ERA5_only_global_radiation,yes,yes,No replacement needed for CAMS common FOV; use city coordinate.,City coordinate is within common CAMS Radiation Service longitude bands.,126_Germany_Bremen_2025_AMY_ERA5.epw
Germany,EMEA,Bielefeld,City market,Inland,52.0302,8.5325,,,,,52.0302,8.5325,City latitude / City longitude,ERA5_only_global_radiation,yes,yes,No replacement needed for CAMS common FOV; use city coordinate.,City coordinate is within common CAMS Radiation Service longitude bands.,127_Germany_Bielefeld_2025_AMY_ERA5.epw
Germany,EMEA,Karlsruhe,City market,Inland,49.0069,8.4037,,,,,49.0069,8.4037,City latitude / City longitude,ERA5_only_global_radiation,yes,yes,No replacement needed for CAMS common FOV; use city coordinate.,City coordinate is within common CAMS Radiation Service longitude bands.,128_Germany_Karlsruhe_2025_AMY_ERA5.epw
Germany,EMEA,Frankfurt (Oder),City market,Inland,52.3471,14.5506,,,,,52.3471,14.5506,City latitude / City longitude,ERA5_only_global_radiation,yes,yes,No replacement needed for CAMS common FOV; use city coordinate.,City coordinate is within common CAMS Radiation Service longitude bands.,129_Germany_Frankfurt_Oder_2025_AMY_ERA5.epw
Germany,EMEA,Leipzig,City market,Inland,51.3397,12.3731,,,,,51.3397,12.3731,City latitude / City longitude,ERA5_only_global_radiation,yes,yes,No replacement needed for CAMS common FOV; use city coordinate.,City coordinate is within common CAMS Radiation Service longitude bands.,130_Germany_Leipzig_2025_AMY_ERA5.epw
Germany,EMEA,Mannheim,City market,Inland,49.4875,8.466,,,,,49.4875,8.466,City latitude / City longitude,ERA5_only_global_radiation,yes,yes,No replacement needed for CAMS common FOV; use city coordinate.,City coordinate is within common CAMS Radiation Service longitude bands.,131_Germany_Mannheim_2025_AMY_ERA5.epw
Germany,EMEA,Munster,City market,Inland,51.9607,7.6261,,,,,51.9607,7.6261,City latitude / City longitude,ERA5_only_global_radiation,yes,yes,No replacement needed for CAMS common FOV; use city coordinate.,City coordinate is within common CAMS Radiation Service longitude bands.,132_Germany_Munster_2025_AMY_ERA5.epw
Germany,EMEA,Wuerzburg,City market,Inland,49.7913,9.9534,,,,,49.7913,9.9534,City latitude / City longitude,ERA5_only_global_radiation,yes,yes,No replacement needed for CAMS common FOV; use city coordinate.,City coordinate is within common CAMS Radiation Service longitude bands.,133_Germany_Wuerzburg_2025_AMY_ERA5.epw
Germany,EMEA,Kiel,City market,Strict coastal,54.3233,10.1228,54.35,10.15,,,54.3233,10.1228,City latitude / City longitude,ERA5_only_global_radiation,yes,yes,No replacement needed for CAMS common FOV; use city coordinate.,City coordinate is within common CAMS Radiation Service longitude bands.,134_Germany_Kiel_2025_AMY_ERA5.epw
Germany,EMEA,Lübeck,City market,Strict coastal,53.8655,10.6866,53.95,10.9,,,53.8655,10.6866,City latitude / City longitude,ERA5_only_global_radiation,yes,yes,No replacement needed for CAMS common FOV; use city coordinate.,City coordinate is within common CAMS Radiation Service longitude bands.,135_Germany_Lübeck_2025_AMY_ERA5.epw
Germany,EMEA,Rostock,City market,Strict coastal,54.0924,12.0991,54.15,12.1,,,54.0924,12.0991,City latitude / City longitude,ERA5_only_global_radiation,yes,yes,No replacement needed for CAMS common FOV; use city coordinate.,City coordinate is within common CAMS Radiation Service longitude bands.,136_Germany_Rostock_2025_AMY_ERA5.epw
France,EMEA,Paris,City market,Inland,48.8566,2.3522,,,,,48.8566,2.3522,City latitude / City longitude,ERA5_only_global_radiation,yes,yes,No replacement needed for CAMS common FOV; use city coordinate.,City coordinate is within common CAMS Radiation Service longitude bands.,137_France_Paris_2025_AMY_ERA5.epw
France,EMEA,Lille,City market,Inland,50.6292,3.0573,,,,,50.6292,3.0573,City latitude / City longitude,ERA5_only_global_radiation,yes,yes,No replacement needed for CAMS common FOV; use city coordinate.,City coordinate is within common CAMS Radiation Service longitude bands.,138_France_Lille_2025_AMY_ERA5.epw
France,EMEA,Marseille,City market,Strict coastal,43.2965,5.3698,43.25,5.35,,,43.2965,5.3698,City latitude / City longitude,ERA5_only_global_radiation,yes,yes,No replacement needed for CAMS common FOV; use city coordinate.,City coordinate is within common CAMS Radiation Service longitude bands.,139_France_Marseille_2025_AMY_ERA5.epw
France,EMEA,Lyon,City market,Inland,45.764,4.8357,,,,,45.764,4.8357,City latitude / City longitude,ERA5_only_global_radiation,yes,yes,No replacement needed for CAMS common FOV; use city coordinate.,City coordinate is within common CAMS Radiation Service longitude bands.,140_France_Lyon_2025_AMY_ERA5.epw
France,EMEA,Toulouse,City market,Inland,43.6047,1.4442,,,,,43.6047,1.4442,City latitude / City longitude,ERA5_only_global_radiation,yes,yes,No replacement needed for CAMS common FOV; use city coordinate.,City coordinate is within common CAMS Radiation Service longitude bands.,141_France_Toulouse_2025_AMY_ERA5.epw
France,EMEA,Bordeaux,City market,Near-coastal,44.8378,-0.5792,45.0,-1.2,,,44.8378,-0.5792,City latitude / City longitude,ERA5_only_global_radiation,yes,yes,No replacement needed for CAMS common FOV; use city coordinate.,City coordinate is within common CAMS Radiation Service longitude bands.,142_France_Bordeaux_2025_AMY_ERA5.epw
France,EMEA,Nantes,City market,Near-coastal,47.2184,-1.5536,47.15,-2.15,,,47.2184,-1.5536,City latitude / City longitude,ERA5_only_global_radiation,yes,yes,No replacement needed for CAMS common FOV; use city coordinate.,City coordinate is within common CAMS Radiation Service longitude bands.,143_France_Nantes_2025_AMY_ERA5.epw
France,EMEA,Strasbourg,City market,Inland,48.5734,7.7521,,,,,48.5734,7.7521,City latitude / City longitude,ERA5_only_global_radiation,yes,yes,No replacement needed for CAMS common FOV; use city coordinate.,City coordinate is within common CAMS Radiation Service longitude bands.,144_France_Strasbourg_2025_AMY_ERA5.epw
France,EMEA,Rennes,City market,Inland,48.1173,-1.6778,,,,,48.1173,-1.6778,City latitude / City longitude,ERA5_only_global_radiation,yes,yes,No replacement needed for CAMS common FOV; use city coordinate.,City coordinate is within common CAMS Radiation Service longitude bands.,145_France_Rennes_2025_AMY_ERA5.epw
France,EMEA,Rouen,City market,Near-coastal,49.4431,1.0993,49.5,0.1,,,49.4431,1.0993,City latitude / City longitude,ERA5_only_global_radiation,yes,yes,No replacement needed for CAMS common FOV; use city coordinate.,City coordinate is within common CAMS Radiation Service longitude bands.,146_France_Rouen_2025_AMY_ERA5.epw
France,EMEA,Roubaix,City market,Inland,50.6927,3.1778,,,,,50.6927,3.1778,City latitude / City longitude,ERA5_only_global_radiation,yes,yes,No replacement needed for CAMS common FOV; use city coordinate.,City coordinate is within common CAMS Radiation Service longitude bands.,147_France_Roubaix_2025_AMY_ERA5.epw
France,EMEA,Montpellier,City market,Strict coastal,43.6119,3.8772,43.5,3.9,,,43.6119,3.8772,City latitude / City longitude,ERA5_only_global_radiation,yes,yes,No replacement needed for CAMS common FOV; use city coordinate.,City coordinate is within common CAMS Radiation Service longitude bands.,148_France_Montpellier_2025_AMY_ERA5.epw
France,EMEA,Clermont-Ferrand,City market,Inland,45.7772,3.087,,,,,45.7772,3.087,City latitude / City longitude,ERA5_only_global_radiation,yes,yes,No replacement needed for CAMS common FOV; use city coordinate.,City coordinate is within common CAMS Radiation Service longitude bands.,149_France_Clermont-Ferrand_2025_AMY_ERA5.epw
France,EMEA,Grenoble,City market,Inland,45.1885,5.7245,,,,,45.1885,5.7245,City latitude / City longitude,ERA5_only_global_radiation,yes,yes,No replacement needed for CAMS common FOV; use city coordinate.,City coordinate is within common CAMS Radiation Service longitude bands.,150_France_Grenoble_2025_AMY_ERA5.epw
France,EMEA,Sophia Antipolis,City market,Strict coastal,43.6222,7.05,43.55,7.05,,,43.6222,7.05,City latitude / City longitude,ERA5_only_global_radiation,yes,yes,No replacement needed for CAMS common FOV; use city coordinate.,City coordinate is within common CAMS Radiation Service longitude bands.,151_France_Sophia_Antipolis_2025_AMY_ERA5.epw
France,EMEA,Metz,City market,Inland,49.1193,6.1757,,,,,49.1193,6.1757,City latitude / City longitude,ERA5_only_global_radiation,yes,yes,No replacement needed for CAMS common FOV; use city coordinate.,City coordinate is within common CAMS Radiation Service longitude bands.,152_France_Metz_2025_AMY_ERA5.epw
France,EMEA,Nice,City market,Strict coastal,43.7102,7.262,43.7,7.3,,,43.7102,7.262,City latitude / City longitude,ERA5_only_global_radiation,yes,yes,No replacement needed for CAMS common FOV; use city coordinate.,City coordinate is within common CAMS Radiation Service longitude bands.,153_France_Nice_2025_AMY_ERA5.epw
France,EMEA,Ajaccio,City market,Strict coastal,41.9192,8.7386,41.9,8.75,,,41.9192,8.7386,City latitude / City longitude,ERA5_only_global_radiation,yes,yes,No replacement needed for CAMS common FOV; use city coordinate.,City coordinate is within common CAMS Radiation Service longitude bands.,154_France_Ajaccio_2025_AMY_ERA5.epw
France,EMEA,Bastia,City market,Strict coastal,42.6973,9.4509,42.7,9.48,,,42.6973,9.4509,City latitude / City longitude,ERA5_only_global_radiation,yes,yes,No replacement needed for CAMS common FOV; use city coordinate.,City coordinate is within common CAMS Radiation Service longitude bands.,155_France_Bastia_2025_AMY_ERA5.epw
France,EMEA,Le Havre,City market,Strict coastal,49.4944,0.1079,49.5,0.05,,,49.4944,0.1079,City latitude / City longitude,ERA5_only_global_radiation,yes,yes,No replacement needed for CAMS common FOV; use city coordinate.,City coordinate is within common CAMS Radiation Service longitude bands.,156_France_Le_Havre_2025_AMY_ERA5.epw
France,EMEA,Toulon,City market,Strict coastal,43.1242,5.928,43.1,5.95,,,43.1242,5.928,City latitude / City longitude,ERA5_only_global_radiation,yes,yes,No replacement needed for CAMS common FOV; use city coordinate.,City coordinate is within common CAMS Radiation Service longitude bands.,157_France_Toulon_2025_AMY_ERA5.epw
Ireland,EMEA,Dublin,City market,Strict coastal,53.3498,-6.2603,53.35,-6.1,,,53.3498,-6.2603,City latitude / City longitude,ERA5_only_global_radiation,yes,yes,No replacement needed for CAMS common FOV; use city coordinate.,City coordinate is within common CAMS Radiation Service longitude bands.,158_Ireland_Dublin_2025_AMY_ERA5.epw
Ireland,EMEA,Naas,City market,Inland,53.2206,-6.6593,,,,,53.2206,-6.6593,City latitude / City longitude,ERA5_only_global_radiation,yes,yes,No replacement needed for CAMS common FOV; use city coordinate.,City coordinate is within common CAMS Radiation Service longitude bands.,159_Ireland_Naas_2025_AMY_ERA5.epw
Ireland,EMEA,Ennis,City market,Inland,52.8463,-8.9807,,,,,52.8463,-8.9807,City latitude / City longitude,ERA5_only_global_radiation,yes,yes,No replacement needed for CAMS common FOV; use city coordinate.,City coordinate is within common CAMS Radiation Service longitude bands.,160_Ireland_Ennis_2025_AMY_ERA5.epw
Ireland,EMEA,Kildare,City market,Inland,53.1589,-6.9096,,,,,53.1589,-6.9096,City latitude / City longitude,ERA5_only_global_radiation,yes,yes,No replacement needed for CAMS common FOV; use city coordinate.,City coordinate is within common CAMS Radiation Service longitude bands.,161_Ireland_Kildare_2025_AMY_ERA5.epw
Ireland,EMEA,Waterford,City market,Strict coastal,52.2593,-7.1101,52.25,-6.95,,,52.2593,-7.1101,City latitude / City longitude,ERA5_only_global_radiation,yes,yes,No replacement needed for CAMS common FOV; use city coordinate.,City coordinate is within common CAMS Radiation Service longitude bands.,162_Ireland_Waterford_2025_AMY_ERA5.epw
Ireland,EMEA,Drogheda,City market,Strict coastal,53.7179,-6.3561,53.72,-6.2,,,53.7179,-6.3561,City latitude / City longitude,ERA5_only_global_radiation,yes,yes,No replacement needed for CAMS common FOV; use city coordinate.,City coordinate is within common CAMS Radiation Service longitude bands.,163_Ireland_Drogheda_2025_AMY_ERA5.epw
Ireland,EMEA,Galway,City market,Strict coastal,53.2707,-9.0568,53.25,-9.1,,,53.2707,-9.0568,City latitude / City longitude,ERA5_only_global_radiation,yes,yes,No replacement needed for CAMS common FOV; use city coordinate.,City coordinate is within common CAMS Radiation Service longitude bands.,164_Ireland_Galway_2025_AMY_ERA5.epw
Ireland,EMEA,Ballina,City market,Near-coastal,54.114,-9.156,54.15,-9.25,,,54.114,-9.156,City latitude / City longitude,ERA5_only_global_radiation,yes,yes,No replacement needed for CAMS common FOV; use city coordinate.,City coordinate is within common CAMS Radiation Service longitude bands.,165_Ireland_Ballina_2025_AMY_ERA5.epw
Ireland,EMEA,Carlow,City market,Inland,52.8365,-6.9341,,,,,52.8365,-6.9341,City latitude / City longitude,ERA5_only_global_radiation,yes,yes,No replacement needed for CAMS common FOV; use city coordinate.,City coordinate is within common CAMS Radiation Service longitude bands.,166_Ireland_Carlow_2025_AMY_ERA5.epw
Ireland,EMEA,Cork,City market,Strict coastal,51.8985,-8.4756,51.85,-8.3,,,51.8985,-8.4756,City latitude / City longitude,ERA5_only_global_radiation,yes,yes,No replacement needed for CAMS common FOV; use city coordinate.,City coordinate is within common CAMS Radiation Service longitude bands.,167_Ireland_Cork_2025_AMY_ERA5.epw
Ireland,EMEA,Letterkenny,City market,Near-coastal,54.9503,-7.734,55.05,-7.7,,,54.9503,-7.734,City latitude / City longitude,ERA5_only_global_radiation,yes,yes,No replacement needed for CAMS common FOV; use city coordinate.,City coordinate is within common CAMS Radiation Service longitude bands.,168_Ireland_Letterkenny_2025_AMY_ERA5.epw
Ireland,EMEA,Limerick,City market,Near-coastal,52.6638,-8.6267,52.65,-8.75,52.7,-10.0,52.6638,-8.6267,City latitude / City longitude,ERA5_only_global_radiation,yes,yes,No replacement needed for CAMS common FOV; use city coordinate.,City coordinate is within common CAMS Radiation Service longitude bands.,169_Ireland_Limerick_2025_AMY_ERA5.epw
Ireland,EMEA,Mullingar,City market,Inland,53.525,-7.3381,,,,,53.525,-7.3381,City latitude / City longitude,ERA5_only_global_radiation,yes,yes,No replacement needed for CAMS common FOV; use city coordinate.,City coordinate is within common CAMS Radiation Service longitude bands.,170_Ireland_Mullingar_2025_AMY_ERA5.epw
Netherlands,EMEA,Amsterdam,City market,Near-coastal,52.3676,4.9041,52.45,4.6,,,52.3676,4.9041,City latitude / City longitude,ERA5_only_global_radiation,yes,yes,No replacement needed for CAMS common FOV; use city coordinate.,City coordinate is within common CAMS Radiation Service longitude bands.,171_Netherlands_Amsterdam_2025_AMY_ERA5.epw
Netherlands,EMEA,Middenmeer,City/region market,Near-coastal,52.8067,4.9986,52.8,5.0,,,52.8067,4.9986,City latitude / City longitude,ERA5_only_global_radiation,yes,yes,No replacement needed for CAMS common FOV; use city coordinate.,City coordinate is within common CAMS Radiation Service longitude bands.,172_Netherlands_Middenmeer_2025_AMY_ERA5.epw
Netherlands,EMEA,Eindhoven,City/region market,Inland,51.4416,5.4697,,,,,51.4416,5.4697,City latitude / City longitude,ERA5_only_global_radiation,yes,yes,No replacement needed for CAMS common FOV; use city coordinate.,City coordinate is within common CAMS Radiation Service longitude bands.,173_Netherlands_Eindhoven_2025_AMY_ERA5.epw
Netherlands,EMEA,Rotterdam,City/region market,Strict coastal,51.9244,4.4777,51.95,4.1,,,51.9244,4.4777,City latitude / City longitude,ERA5_only_global_radiation,yes,yes,No replacement needed for CAMS common FOV; use city coordinate.,City coordinate is within common CAMS Radiation Service longitude bands.,174_Netherlands_Rotterdam_2025_AMY_ERA5.epw
Netherlands,EMEA,Utrecht,City/region market,Inland,52.0907,5.1214,,,,,52.0907,5.1214,City latitude / City longitude,ERA5_only_global_radiation,yes,yes,No replacement needed for CAMS common FOV; use city coordinate.,City coordinate is within common CAMS Radiation Service longitude bands.,175_Netherlands_Utrecht_2025_AMY_ERA5.epw
Netherlands,EMEA,Groningen,City/region market,Near-coastal,53.2194,6.5665,53.35,6.6,,,53.2194,6.5665,City latitude / City longitude,ERA5_only_global_radiation,yes,yes,No replacement needed for CAMS common FOV; use city coordinate.,City coordinate is within common CAMS Radiation Service longitude bands.,176_Netherlands_Groningen_2025_AMY_ERA5.epw
Netherlands,EMEA,Overijssel,City/region market,Inland,52.4388,6.5016,,,,,52.4388,6.5016,City latitude / City longitude,ERA5_only_global_radiation,yes,yes,No replacement needed for CAMS common FOV; use city coordinate.,City coordinate is within common CAMS Radiation Service longitude bands.,177_Netherlands_Overijssel_2025_AMY_ERA5.epw
Netherlands,EMEA,The Hague / Den Haag,City/region market,Strict coastal,52.0705,4.3007,52.1,4.25,,,52.0705,4.3007,City latitude / City longitude,ERA5_only_global_radiation,yes,yes,No replacement needed for CAMS common FOV; use city coordinate.,City coordinate is within common CAMS Radiation Service longitude bands.,178_Netherlands_The_Hague_Den_Haag_2025_AMY_ERA5.epw
Netherlands,EMEA,Limburg,City/region market,Inland,51.2092,5.9333,,,,,51.2092,5.9333,City latitude / City longitude,ERA5_only_global_radiation,yes,yes,No replacement needed for CAMS common FOV; use city coordinate.,City coordinate is within common CAMS Radiation Service longitude bands.,179_Netherlands_Limburg_2025_AMY_ERA5.epw
Netherlands,EMEA,Apeldoorn,City/region market,Inland,52.2112,5.9699,,,,,52.2112,5.9699,City latitude / City longitude,ERA5_only_global_radiation,yes,yes,No replacement needed for CAMS common FOV; use city coordinate.,City coordinate is within common CAMS Radiation Service longitude bands.,180_Netherlands_Apeldoorn_2025_AMY_ERA5.epw
Netherlands,EMEA,Maastricht,City/region market,Inland,50.8514,5.691,,,,,50.8514,5.691,City latitude / City longitude,ERA5_only_global_radiation,yes,yes,No replacement needed for CAMS common FOV; use city coordinate.,City coordinate is within common CAMS Radiation Service longitude bands.,181_Netherlands_Maastricht_2025_AMY_ERA5.epw
Netherlands,EMEA,Breda,City/region market,Inland,51.5719,4.7683,,,,,51.5719,4.7683,City latitude / City longitude,ERA5_only_global_radiation,yes,yes,No replacement needed for CAMS common FOV; use city coordinate.,City coordinate is within common CAMS Radiation Service longitude bands.,182_Netherlands_Breda_2025_AMY_ERA5.epw
Netherlands,EMEA,Ede,City/region market,Inland,52.0402,5.6649,,,,,52.0402,5.6649,City latitude / City longitude,ERA5_only_global_radiation,yes,yes,No replacement needed for CAMS common FOV; use city coordinate.,City coordinate is within common CAMS Radiation Service longitude bands.,183_Netherlands_Ede_2025_AMY_ERA5.epw
Netherlands,EMEA,Leeuwarden,City/region market,Near-coastal,53.2012,5.7999,53.25,5.6,,,53.2012,5.7999,City latitude / City longitude,ERA5_only_global_radiation,yes,yes,No replacement needed for CAMS common FOV; use city coordinate.,City coordinate is within common CAMS Radiation Service longitude bands.,184_Netherlands_Leeuwarden_2025_AMY_ERA5.epw
Netherlands,EMEA,Schiphol-Rijk,City/region market,Near-coastal,52.279,4.756,52.4,4.55,,,52.279,4.756,City latitude / City longitude,ERA5_only_global_radiation,yes,yes,No replacement needed for CAMS common FOV; use city coordinate.,City coordinate is within common CAMS Radiation Service longitude bands.,185_Netherlands_Schiphol-Rijk_2025_AMY_ERA5.epw
Netherlands,EMEA,s-Hertogenbosch,City/region market,Inland,51.6978,5.3037,,,,,51.6978,5.3037,City latitude / City longitude,ERA5_only_global_radiation,yes,yes,No replacement needed for CAMS common FOV; use city coordinate.,City coordinate is within common CAMS Radiation Service longitude bands.,186_Netherlands_s-Hertogenbosch_2025_AMY_ERA5.epw
Netherlands,EMEA,Flevoland,City/region market,Near-coastal,52.527,5.5954,52.5,5.5,53.0,4.5,52.527,5.5954,City latitude / City longitude,ERA5_only_global_radiation,yes,yes,No replacement needed for CAMS common FOV; use city coordinate.,City coordinate is within common CAMS Radiation Service longitude bands.,187_Netherlands_Flevoland_2025_AMY_ERA5.epw
Netherlands,EMEA,Goes,City/region market,Strict coastal,51.504,3.891,51.5,3.8,,,51.504,3.891,City latitude / City longitude,ERA5_only_global_radiation,yes,yes,No replacement needed for CAMS common FOV; use city coordinate.,City coordinate is within common CAMS Radiation Service longitude bands.,188_Netherlands_Goes_2025_AMY_ERA5.epw
Netherlands,EMEA,Heerlen,City/region market,Inland,50.8882,5.9795,,,,,50.8882,5.9795,City latitude / City longitude,ERA5_only_global_radiation,yes,yes,No replacement needed for CAMS common FOV; use city coordinate.,City coordinate is within common CAMS Radiation Service longitude bands.,189_Netherlands_Heerlen_2025_AMY_ERA5.epw
Netherlands,EMEA,Lelystad,City/region market,Near-coastal,52.5185,5.4714,52.55,5.45,53.0,4.5,52.5185,5.4714,City latitude / City longitude,ERA5_only_global_radiation,yes,yes,No replacement needed for CAMS common FOV; use city coordinate.,City coordinate is within common CAMS Radiation Service longitude bands.,190_Netherlands_Lelystad_2025_AMY_ERA5.epw
Netherlands,EMEA,Venlo,City/region market,Inland,51.3704,6.1724,,,,,51.3704,6.1724,City latitude / City longitude,ERA5_only_global_radiation,yes,yes,No replacement needed for CAMS common FOV; use city coordinate.,City coordinate is within common CAMS Radiation Service longitude bands.,191_Netherlands_Venlo_2025_AMY_ERA5.epw
Brazil,Americas,São Paulo,City market,Near-coastal,-23.5558,-46.6396,-23.95,-46.3,,,-23.5558,-46.6396,City latitude / City longitude,ERA5_only_global_radiation,yes,yes,No replacement needed for CAMS common FOV; use city coordinate.,City coordinate is within common CAMS Radiation Service longitude bands.,192_Brazil_São_Paulo_2025_AMY_ERA5.epw
Brazil,Americas,Campinas,City market,Near-coastal,-22.9099,-47.0626,-23.95,-46.3,,,-22.9099,-47.0626,City latitude / City longitude,ERA5_only_global_radiation,yes,yes,No replacement needed for CAMS common FOV; use city coordinate.,City coordinate is within common CAMS Radiation Service longitude bands.,193_Brazil_Campinas_2025_AMY_ERA5.epw
Brazil,Americas,Rio de Janeiro,City market,Strict coastal,-22.9068,-43.1729,-22.9,-43.1,,,-22.9068,-43.1729,City latitude / City longitude,ERA5_only_global_radiation,yes,yes,No replacement needed for CAMS common FOV; use city coordinate.,City coordinate is within common CAMS Radiation Service longitude bands.,194_Brazil_Rio_de_Janeiro_2025_AMY_ERA5.epw
Brazil,Americas,Porto Alegre,City market,Near-coastal,-30.0346,-51.2177,-30.1,-51.2,-31.5,-50.0,-30.0346,-51.2177,City latitude / City longitude,ERA5_only_global_radiation,yes,yes,No replacement needed for CAMS common FOV; use city coordinate.,City coordinate is within common CAMS Radiation Service longitude bands.,195_Brazil_Porto_Alegre_2025_AMY_ERA5.epw
Brazil,Americas,Fortaleza,City market,Strict coastal,-3.7319,-38.5267,-3.7,-38.5,,,-3.7319,-38.5267,City latitude / City longitude,ERA5_only_global_radiation,yes,yes,No replacement needed for CAMS common FOV; use city coordinate.,City coordinate is within common CAMS Radiation Service longitude bands.,196_Brazil_Fortaleza_2025_AMY_ERA5.epw
Brazil,Americas,Brasília,City market,Inland,-15.7939,-47.8828,,,,,-15.7939,-47.8828,City latitude / City longitude,ERA5_only_global_radiation,yes,yes,No replacement needed for CAMS common FOV; use city coordinate.,City coordinate is within common CAMS Radiation Service longitude bands.,197_Brazil_Brasília_2025_AMY_ERA5.epw
Brazil,Americas,Tamboré,City market,Near-coastal,-23.5,-46.85,-23.95,-46.3,,,-23.5,-46.85,City latitude / City longitude,ERA5_only_global_radiation,yes,yes,No replacement needed for CAMS common FOV; use city coordinate.,City coordinate is within common CAMS Radiation Service longitude bands.,198_Brazil_Tamboré_2025_AMY_ERA5.epw
Brazil,Americas,Curitiba,City market,Inland,-25.4284,-49.2733,,,,,-25.4284,-49.2733,City latitude / City longitude,ERA5_only_global_radiation,yes,yes,No replacement needed for CAMS common FOV; use city coordinate.,City coordinate is within common CAMS Radiation Service longitude bands.,199_Brazil_Curitiba_2025_AMY_ERA5.epw
Brazil,Americas,Belo Horizonte,City market,Inland,-19.9167,-43.9345,,,,,-19.9167,-43.9345,City latitude / City longitude,ERA5_only_global_radiation,yes,yes,No replacement needed for CAMS common FOV; use city coordinate.,City coordinate is within common CAMS Radiation Service longitude bands.,200_Brazil_Belo_Horizonte_2025_AMY_ERA5.epw
Brazil,Americas,Maringá,City market,Inland,-23.4205,-51.9331,,,,,-23.4205,-51.9331,City latitude / City longitude,ERA5_only_global_radiation,yes,yes,No replacement needed for CAMS common FOV; use city coordinate.,City coordinate is within common CAMS Radiation Service longitude bands.,201_Brazil_Maringá_2025_AMY_ERA5.epw
Brazil,Americas,Recife,City market,Strict coastal,-8.0476,-34.877,-8.05,-34.85,,,-8.0476,-34.877,City latitude / City longitude,ERA5_only_global_radiation,yes,yes,No replacement needed for CAMS common FOV; use city coordinate.,City coordinate is within common CAMS Radiation Service longitude bands.,202_Brazil_Recife_2025_AMY_ERA5.epw
Brazil,Americas,Uberlândia,City market,Inland,-18.9146,-48.2754,,,,,-18.9146,-48.2754,City latitude / City longitude,ERA5_only_global_radiation,yes,yes,No replacement needed for CAMS common FOV; use city coordinate.,City coordinate is within common CAMS Radiation Service longitude bands.,203_Brazil_Uberlândia_2025_AMY_ERA5.epw
Brazil,Americas,Vitória,City market,Strict coastal,-20.3197,-40.3385,-20.3,-40.3,,,-20.3197,-40.3385,City latitude / City longitude,ERA5_only_global_radiation,yes,yes,No replacement needed for CAMS common FOV; use city coordinate.,City coordinate is within common CAMS Radiation Service longitude bands.,204_Brazil_Vitória_2025_AMY_ERA5.epw
Brazil,Americas,Blumenau,City market,Inland,-26.9155,-49.0709,,,,,-26.9155,-49.0709,City latitude / City longitude,ERA5_only_global_radiation,yes,yes,No replacement needed for CAMS common FOV; use city coordinate.,City coordinate is within common CAMS Radiation Service longitude bands.,205_Brazil_Blumenau_2025_AMY_ERA5.epw
Brazil,Americas,Campo Grande,City market,Inland,-20.4697,-54.6201,,,,,-20.4697,-54.6201,City latitude / City longitude,ERA5_only_global_radiation,yes,yes,No replacement needed for CAMS common FOV; use city coordinate.,City coordinate is within common CAMS Radiation Service longitude bands.,206_Brazil_Campo_Grande_2025_AMY_ERA5.epw
Brazil,Americas,Cascavel,City market,Inland,-24.9578,-53.4595,,,,,-24.9578,-53.4595,City latitude / City longitude,ERA5_only_global_radiation,yes,yes,No replacement needed for CAMS common FOV; use city coordinate.,City coordinate is within common CAMS Radiation Service longitude bands.,207_Brazil_Cascavel_2025_AMY_ERA5.epw
Brazil,Americas,Goiânia,City market,Inland,-16.6869,-49.2648,,,,,-16.6869,-49.2648,City latitude / City longitude,ERA5_only_global_radiation,yes,yes,No replacement needed for CAMS common FOV; use city coordinate.,City coordinate is within common CAMS Radiation Service longitude bands.,208_Brazil_Goiânia_2025_AMY_ERA5.epw
Brazil,Americas,Joinville,City market,Near-coastal,-26.3044,-48.8487,-26.25,-48.6,,,-26.3044,-48.8487,City latitude / City longitude,ERA5_only_global_radiation,yes,yes,No replacement needed for CAMS common FOV; use city coordinate.,City coordinate is within common CAMS Radiation Service longitude bands.,209_Brazil_Joinville_2025_AMY_ERA5.epw
Brazil,Americas,Manaus,City market,Inland,-3.119,-60.0217,,,,,-3.119,-60.0217,City latitude / City longitude,ERA5_only_global_radiation,yes,yes,No replacement needed for CAMS common FOV; use city coordinate.,City coordinate is within common CAMS Radiation Service longitude bands.,210_Brazil_Manaus_2025_AMY_ERA5.epw
Brazil,Americas,Palmas,City market,Inland,-10.184,-48.3336,,,,,-10.184,-48.3336,City latitude / City longitude,ERA5_only_global_radiation,yes,yes,No replacement needed for CAMS common FOV; use city coordinate.,City coordinate is within common CAMS Radiation Service longitude bands.,211_Brazil_Palmas_2025_AMY_ERA5.epw
Chile,Americas,Santiago,City market,Near-coastal,-33.4489,-70.6693,-33.05,-71.6,,,-33.4489,-70.6693,City latitude / City longitude,ERA5_only_global_radiation,no,no,Do not replace with distant satellite-FOV coordinate; use ERA5-only global generator at city coordinate.,"Failure is caused by CAMS satellite radiation field-of-view, not by missing city coordinate. Nearby land coordinate normally cannot fix this without moving the weather location too far.",212_Chile_Santiago_2025_AMY_ERA5.epw
Chile,Americas,Valparaíso,City market,Strict coastal,-33.0472,-71.6127,-33.05,-71.65,,,-33.0472,-71.6127,City latitude / City longitude,ERA5_only_global_radiation,no,no,Do not replace with distant satellite-FOV coordinate; use ERA5-only global generator at city coordinate.,"Failure is caused by CAMS satellite radiation field-of-view, not by missing city coordinate. Nearby land coordinate normally cannot fix this without moving the weather location too far.",213_Chile_Valparaíso_2025_AMY_ERA5.epw
Chile,Americas,Puerto Montt,City market,Strict coastal,-41.4693,-72.9424,-41.47,-72.95,,,-41.4693,-72.9424,City latitude / City longitude,ERA5_only_global_radiation,no,no,Do not replace with distant satellite-FOV coordinate; use ERA5-only global generator at city coordinate.,"Failure is caused by CAMS satellite radiation field-of-view, not by missing city coordinate. Nearby land coordinate normally cannot fix this without moving the weather location too far.",214_Chile_Puerto_Montt_2025_AMY_ERA5.epw
Chile,Americas,Concepción,City market,Strict coastal,-36.8201,-73.0444,-36.82,-73.1,,,-36.8201,-73.0444,City latitude / City longitude,ERA5_only_global_radiation,no,no,Do not replace with distant satellite-FOV coordinate; use ERA5-only global generator at city coordinate.,"Failure is caused by CAMS satellite radiation field-of-view, not by missing city coordinate. Nearby land coordinate normally cannot fix this without moving the weather location too far.",215_Chile_Concepción_2025_AMY_ERA5.epw
Chile,Americas,Los Andes,City market,Near-coastal,-32.8338,-70.5983,-32.95,-71.5,,,-32.8338,-70.5983,City latitude / City longitude,ERA5_only_global_radiation,no,no,Do not replace with distant satellite-FOV coordinate; use ERA5-only global generator at city coordinate.,"Failure is caused by CAMS satellite radiation field-of-view, not by missing city coordinate. Nearby land coordinate normally cannot fix this without moving the weather location too far.",216_Chile_Los_Andes_2025_AMY_ERA5.epw
Chile,Americas,Paine,City market,Near-coastal,-33.8077,-70.7419,-33.6,-71.6,,,-33.8077,-70.7419,City latitude / City longitude,ERA5_only_global_radiation,no,no,Do not replace with distant satellite-FOV coordinate; use ERA5-only global generator at city coordinate.,"Failure is caused by CAMS satellite radiation field-of-view, not by missing city coordinate. Nearby land coordinate normally cannot fix this without moving the weather location too far.",217_Chile_Paine_2025_AMY_ERA5.epw
Chile,Americas,Punta Arenas,City market,Strict coastal,-53.1638,-70.9171,-53.15,-70.9,,,-53.1638,-70.9171,City latitude / City longitude,ERA5_only_global_radiation,no,no,Do not replace with distant satellite-FOV coordinate; use ERA5-only global generator at city coordinate.,"Failure is caused by CAMS satellite radiation field-of-view, not by missing city coordinate. Nearby land coordinate normally cannot fix this without moving the weather location too far.",218_Chile_Punta_Arenas_2025_AMY_ERA5.epw
Chile,Americas,Temuco,City market,Inland,-38.7359,-72.5904,,,,,-38.7359,-72.5904,City latitude / City longitude,ERA5_only_global_radiation,no,no,Do not replace with distant satellite-FOV coordinate; use ERA5-only global generator at city coordinate.,"Failure is caused by CAMS satellite radiation field-of-view, not by missing city coordinate. Nearby land coordinate normally cannot fix this without moving the weather location too far.",219_Chile_Temuco_2025_AMY_ERA5.epw
